{"cameraMode":{"drawMode":1,"name":"Wireframe","section":"Shading Mode"},"sceneLighting":true,"audioPlay":false,"sceneViewState":{"showFog":true,"showMaterialUpdate":false,"showSkybox":true,"showFlares":true,"showImageEffects":true,"showParticleSystems":true,"showVisualEffectGraphs":true,"m_FxEnabled":true},"in2DMode":false,"pivot":{"x":-0.25081121921539309,"y":-0.11081373691558838,"z":0.32113635540008547},"rotation":{"x":-0.15002122521400453,"y":0.79024338722229,"z":-0.21387268602848054,"w":-0.5543171167373657},"size":3.2248542308807375,"orthographic":false}